{
  "x": 20,
  "y": 0,
  "sx": 17.77777777777778,
  "sy": 17.77777777777778,
  "rz": 0
}